{"files":{"index.html":{"frameworks":["Oyon","pg.fontawesome","wordpress.pinegrow","pg.insight.events","pg.asset.manager","pg.project.items","pg.code-validator","pg.ia.lib","pg.image.overlay","pg.css.grid","pg.ia","pg.html","pg.components"],"last_page_width":1024},"test.html":{"frameworks":["Oyon","pg.bs4.lib","pg.insight.events","pg.ia","pg.css.grid","pg.image.overlay","pg.code-validator","pg.project.items","pg.asset.manager","pg.ia.lib","bs4","pg.html","pg.components"],"last_page_width":1024}},"urls":{"https://library.pinegrow.com/interactions/templates/full-page-nav-bs4/bootstrap/css/bootstrap.min.css":{"locked":false,"locked_reason":""},"https://library.pinegrow.com/interactions/templates/full-page-nav-bs4/style.css":{"locked":false,"locked_reason":""}},"breakpoints":["576px","768px","992px","1200px"],"frameworks":["Oyon","pg.fontawesome","wordpress.pinegrow","pg.insight.events","pg.asset.manager","pg.project.items","pg.code-validator","pg.ia.lib","pg.image.overlay","pg.css.grid","pg.ia","pg.html","pg.components"],"template_framework_id":"pg.ia.lib","file-picker-copy-folder":"/home/xaymup/Oyon","cs-for-overrides":"style.css","wp-theme-info":{"dir":"/home/xaymup/random","name":"Oyon","slug":"oyon","page":"index.html","wpseo":"true","wpjquery":"false","generator":null,"images":{}},"wp-insight":{"menus":["primary","social"],"taxonomies":["category","post_tag"],"customizer_sections":[],"customizer_controls":[],"post_types":["attachment","page","post"],"template_parts":[],"sidebars":[],"master_pages":[],"image_sizes":["full","large","medium","medium_large","post-thumbnail","thumbnail"],"custom_funcs":[],"block_categories":[]}}